mean_fit_time,std_fit_time,mean_score_time,std_score_time,param_C,param_gamma,param_kernel,params,split0_test_score,split1_test_score,split2_test_score,split3_test_score,split4_test_score,split5_test_score,split6_test_score,split7_test_score,split8_test_score,split9_test_score,mean_test_score,std_test_score,rank_test_score
0.3197503089904785,0.01644226760334689,0.014484453201293945,0.002366053829331053,10.0,0.1,rbf,"{'C': 10.0, 'gamma': 0.1, 'kernel': 'rbf'}",0.9459459459459459,0.963963963963964,0.9594594594594594,0.9594594594594594,0.9414414414414415,0.9547511312217195,0.9728506787330317,0.9457013574660633,0.9366515837104072,0.9502262443438914,0.9530451265745384,0.010546790291198885,1
0.364732551574707,0.05494173970172243,0.01332685947418213,0.0020111202957302215,10.0,0.2,rbf,"{'C': 10.0, 'gamma': 0.2, 'kernel': 'rbf'}",0.9504504504504504,0.963963963963964,0.9594594594594594,0.9594594594594594,0.9459459459459459,0.9502262443438914,0.9683257918552036,0.9411764705882353,0.9366515837104072,0.9502262443438914,0.9525885614120908,0.009568483176575696,2
0.28291189670562744,0.011060679344919964,0.011995863914489747,0.0008303898900283239,20.0,0.1,rbf,"{'C': 20.0, 'gamma': 0.1, 'kernel': 'rbf'}",0.9459459459459459,0.963963963963964,0.9594594594594594,0.954954954954955,0.9459459459459459,0.9502262443438914,0.9683257918552036,0.9411764705882353,0.9366515837104072,0.9502262443438914,0.95168766051119,0.009515176713234683,3
0.3082059621810913,0.015367455580212075,0.011291933059692384,0.0016970264797091469,20.0,0.2,rbf,"{'C': 20.0, 'gamma': 0.2, 'kernel': 'rbf'}",0.9459459459459459,0.9594594594594594,0.9594594594594594,0.9594594594594594,0.9459459459459459,0.9502262443438914,0.9683257918552036,0.9411764705882353,0.9366515837104072,0.9457013574660633,0.951235171823407,0.009468143344853667,4
